filename,latitude,longitude,altitude,timestamp
IMG_20260106_132810881,36.78705,-3.883663888888889,197.6,2026:01:06 13:28:12
IMG_20260113_162920940,36.757866666666665,-3.8864527777777775,135.9,2026:01:13 16:29:22
IMG_20260108_140227340,36.77321666666666,-3.868297222222222,450.5,2026:01:08 14:02:29
IMG_20260113_161241102,36.75533611111111,-3.8927638888888887,100.0,2026:01:13 16:12:43
IMG_20260110_132318945,36.76155,-3.8540305555555556,170.7,2026:01:10 13:23:20
IMG_20260113_133230431,36.78195,-3.8938555555555556,221.4,2026:01:13 13:32:32
IMG_20260113_160339088,36.75836944444445,-3.891913888888889,132.6,2026:01:13 16:03:42
IMG_20260106_121008276,36.763125,-3.8771166666666668,107.4,2026:01:06 12:10:10
IMG_20260105_125532101,36.74216944444444,-3.887102777777778,54.4,2026:01:05 12:55:33
IMG_20260110_142217936,36.769866666666665,-3.853711111111111,258.0,2026:01:10 14:22:20
IMG_20260109_131732744,36.74408611111111,-3.8764333333333334,64.4,2026:01:09 13:17:34
IMG_20260106_154005569,36.796638888888886,-3.888897222222222,380.1,2026:01:06 15:40:06
IMG_20260103_163312296,36.755625,-3.8492444444444445,114.9,2026:01:03 16:33:13
IMG_20260102_155906844,36.744505555555556,-3.875497222222222,74.7,2026:01:02 15:59:08
IMG_20260102_141426065,36.74833888888889,-3.875513888888889,84.699,2026:01:02 14:14:27
IMG_20260108_124254874,36.765655555555554,-3.865463888888889,230.1,2026:01:08 12:42:56
IMG_20260103_145628508,36.76067777777778,-3.850041666666667,155.2,2026:01:03 14:56:30
IMG_20260106_161259966,36.79058055555555,-3.8926555555555553,289.2,2026:01:06 16:13:01
IMG_20260113_160041757,36.75933888888889,-3.8929,121.9,2026:01:13 16:00:43
IMG_20260115_081258833,36.74985,-3.8685222222222224,58.8,2026:01:15 08:13:00
IMG_20260115_165513089,36.75221388888889,-3.8622722222222223,71.4,2026:01:15 16:55:14
IMG_20260105_194503692,36.74509722222222,-3.876588888888889,72.8,2026:01:05 19:45:05
IMG_20260111_151857756,36.74549444444445,-3.87455,70.5,2026:01:11 15:18:59
IMG_20260115_082505382,36.75158611111111,-3.8629527777777777,60.7,2026:01:15 08:25:06
IMG_20260115_170042847,36.75175,-3.8638305555555554,91.9,2026:01:15 17:00:44
IMG_20260106_133018951,36.787419444444446,-3.883836111111111,202.9,2026:01:06 13:30:20
IMG_20260112_145414230,36.77161944444445,-3.8923083333333333,222.6,2026:01:12 14:54:15
IMG_20260108_161331120,36.76506111111111,-3.853816666666667,273.2,2026:01:08 16:13:33
IMG_20260105_135448224,36.74838888888889,-3.8984305555555556,70.1,2026:01:05 13:54:49
IMG_20260108_130916356,36.76892222222222,-3.867686111111111,322.4,2026:01:08 13:09:17
IMG_20260106_154013341,36.796594444444445,-3.8889194444444444,381.3,2026:01:06 15:40:14
IMG_20260103_145028622,36.75996388888889,-3.8514666666666666,176.1,2026:01:03 14:50:29
IMG_20260113_163830672,36.753344444444444,-3.8833444444444445,109.5,2026:01:13 16:38:31
IMG_20260104_141327789,36.74428888888889,-3.878991666666667,100.1,2026:01:04 14:13:28
IMG_20260108_143120159,36.77656111111111,-3.862525,581.7,2026:01:08 14:31:21
IMG_20260113_163946594,36.752652777777776,-3.8830555555555555,105.4,2026:01:13 16:39:50
IMG_20260115_090248538,36.749183333333335,-3.8684250000000002,52.8,2026:01:15 09:02:49
IMG_20260113_140423714,36.79164166666666,-3.8931694444444442,283.3,2026:01:13 14:04:25
IMG_20260115_165107154,36.752269444444444,-3.8611222222222223,84.6,2026:01:15 16:51:08
IMG_20260108_133857009,36.771274999999996,-3.867758333333333,430.7,2026:01:08 13:38:58
IMG_20260114_135653821,36.74277222222222,-3.9111305555555553,63.4,2026:01:14 13:56:55
IMG_20260110_143459150,36.76665277777778,-3.849913888888889,242.1,2026:01:10 14:35:00
IMG_20260103_144320505,36.762347222222225,-3.8520333333333334,201.8,2026:01:03 14:43:21
IMG_20260115_172019756,36.75010833333333,-3.868388888888889,51.9,2026:01:15 17:20:21
IMG_20260109_125938174,36.74659444444445,-3.8729444444444443,69.3,2026:01:09 12:59:39
IMG_20260113_134408141,36.785599999999995,-3.892438888888889,249.6,2026:01:13 13:44:09
IMG_20260114_122154363,36.74514166666667,-3.87765,81.1,2026:01:14 12:21:55
IMG_20260106_132034885,36.78633611111111,-3.8834805555555554,186.1,2026:01:06 13:20:36
IMG_20260115_165926226,36.75183888888889,-3.863391666666667,84.199,2026:01:15 16:59:28
IMG_20260114_134030391,36.74333611111111,-3.906822222222222,75.7,2026:01:14 13:40:34
IMG_20260113_140227770,36.79148611111111,-3.8932694444444444,291.2,2026:01:13 14:02:29
IMG_20260106_135132779,36.78868333333333,-3.88365,189.0,2026:01:06 13:51:34
IMG_20260108_150040768,36.772238888888886,-3.8606361111111114,461.8,2026:01:08 15:00:42
IMG_20260114_171158845,36.750658333333334,-3.8702694444444443,77.1,2026:01:14 17:12:00
IMG_20260105_084135025,36.75103611111111,-3.870041666666667,82.3,2026:01:05 08:41:36
IMG_20260105_084550659,36.74964722222222,-3.8678694444444446,80.3,2026:01:05 08:45:52
IMG_20260115_163418966,36.75861388888889,-3.8539611111111114,156.4,2026:01:15 16:34:20
IMG_20260106_160118541,36.79292777777778,-3.8922,305.4,2026:01:06 16:01:19
IMG_20260113_135407258,36.78881944444444,-3.892575,272.5,2026:01:13 13:54:08
IMG_20260114_134306739,36.742983333333335,-3.9077694444444444,72.4,2026:01:14 13:43:10
IMG_20260104_142014922,36.744372222222225,-3.8783305555555554,40.8,2026:01:04 14:20:16
IMG_20260107_162615997,36.74536388888889,-3.8760222222222223,74.3,2026:01:07 16:26:17
IMG_20260108_130526182,36.768683333333335,-3.8677027777777777,311.6,2026:01:08 13:05:27
IMG_20260105_200337476,36.74496944444444,-3.8768805555555557,73.199,2026:01:05 20:03:38
IMG_20260106_153836075,36.7966,-3.8886777777777777,398.5,2026:01:06 15:38:37
IMG_20260108_142839087,36.776608333333336,-3.8624916666666667,585.6,2026:01:08 14:28:40
IMG_20260115_165821333,36.75203888888889,-3.8628944444444446,78.5,2026:01:15 16:58:22
IMG_20260114_134239883,36.74293055555555,-3.9076277777777775,70.9,2026:01:14 13:42:43
IMG_20260104_142617563,36.744305555555556,-3.8768611111111113,72.8,2026:01:04 14:26:18
IMG_20260110_140328619,36.76923333333333,-3.8542805555555555,230.7,2026:01:10 14:03:30
IMG_20260109_131332116,36.74420833333333,-3.8753277777777777,60.3,2026:01:09 13:13:33
IMG_20260103_133822215,36.752269444444444,-3.862102777777778,70.6,2026:01:03 13:38:23
IMG_20260103_145144161,36.7598,-3.8506833333333335,165.8,2026:01:03 14:51:45
IMG_20260103_163211083,36.75561944444444,-3.849286111111111,112.3,2026:01:03 16:32:12
IMG_20260112_081408468,36.75075833333333,-3.870102777777778,64.3,2026:01:12 08:14:10
IMG_20260113_133657450,36.78273611111111,-3.893161111111111,251.6,2026:01:13 13:36:59
IMG_20260115_162821936,36.75948888888889,-3.8554583333333334,161.4,2026:01:15 16:28:23
IMG_20260111_124126473,36.76493888888889,-3.875052777777778,164.1,2026:01:11 12:41:28
IMG_20260106_131417288,36.78565277777778,-3.883211111111111,192.3,2026:01:06 13:14:18
IMG_20260108_152853610,36.77005277777778,-3.8578055555555557,380.8,2026:01:08 15:28:55
IMG_20260113_151937797,36.767288888888885,-3.897761111111111,212.8,2026:01:13 15:19:39
IMG_20260106_124643857,36.778625,-3.8805916666666667,182.0,2026:01:06 12:46:45
IMG_20260108_142209292,36.776025,-3.863427777777778,559.4,2026:01:08 14:22:10
IMG_20260106_134512313,36.78821666666666,-3.8837944444444443,199.0,2026:01:06 13:45:13
IMG_20260103_143958955,36.76278888888889,-3.8513361111111113,213.7,2026:01:03 14:40:00
IMG_20260103_151528949,36.760575,-3.843875,190.5,2026:01:03 15:15:30
IMG_20260108_152908477,36.77005277777778,-3.8578055555555557,380.8,2026:01:08 15:29:09
IMG_20260113_161524648,36.756341666666664,-3.8917277777777777,107.8,2026:01:13 16:15:26
IMG_20260112_081839077,36.74851388888889,-3.8699333333333334,51.3,2026:01:12 08:18:40
IMG_20260112_131518745,36.791824999999996,-3.896141666666667,375.2,2026:01:12 13:15:20
IMG_20260108_152324914,36.77076666666667,-3.8591361111111113,393.3,2026:01:08 15:23:26
IMG_20260114_122044638,36.74516111111111,-3.8766694444444445,71.9,2026:01:14 12:20:46
IMG_20260113_164602978,36.75212777777778,-3.8789583333333333,79.0,2026:01:13 16:46:06
IMG_20260112_145744369,36.769413888888884,-3.891086111111111,211.2,2026:01:12 14:57:45
IMG_20260113_153413709,36.76238611111111,-3.897727777777778,158.2,2026:01:13 15:34:15
IMG_20260108_121327064,36.752627777777775,-3.8688861111111112,77.3,2026:01:08 12:13:28
IMG_20260112_141930548,36.77919444444444,-3.8961194444444445,258.2,2026:01:12 14:19:32
IMG_20260106_151054412,36.799825,-3.883036111111111,493.7,2026:01:06 15:10:56
IMG_20260102_140821539,36.74496666666667,-3.876186111111111,95.5,2026:01:02 14:08:23
IMG_20260115_162931300,36.75924166666667,-3.855313888888889,158.0,2026:01:15 16:29:33
IMG_20260109_131549440,36.744261111111115,-3.8762777777777777,67.9,2026:01:09 13:15:50
IMG_20260113_153904215,36.76190555555556,-3.898086111111111,148.5,2026:01:13 15:39:06
IMG_20260103_145200890,36.75980277777778,-3.850705555555556,172.9,2026:01:03 14:52:02
IMG_20260106_121103822,36.763533333333335,-3.876988888888889,122.1,2026:01:06 12:11:05
IMG_20260103_151234648,36.761583333333334,-3.8447,206.7,2026:01:03 15:12:36
IMG_20260110_143605799,36.76643333333333,-3.8500972222222223,236.2,2026:01:10 14:36:07
IMG_20260115_155737330,36.75868333333333,-3.8716444444444447,123.5,2026:01:15 15:57:38
IMG_20260113_135155148,36.78783055555555,-3.8925833333333335,269.3,2026:01:13 13:51:56
IMG_20260114_140751898,36.74308888888889,-3.908158333333333,71.9,2026:01:14 14:07:53
IMG_20260112_082425745,36.74793611111111,-3.8709194444444446,52.3,2026:01:12 08:24:26
IMG_20260112_082658293,36.74865833333333,-3.869911111111111,53.8,2026:01:12 08:26:59
IMG_20260102_141519727,36.74901111111111,-3.8755722222222224,88.0,2026:01:02 14:15:21
IMG_20260115_171457685,36.75073611111111,-3.8668,49.5,2026:01:15 17:14:58
IMG_20260106_141639830,36.79027222222222,-3.882547222222222,266.5,2026:01:06 14:16:41
IMG_20260103_143024012,36.76136944444445,-3.8537861111111114,191.4,2026:01:03 14:30:25
IMG_20260109_130310084,36.74593333333333,-3.8736111111111113,64.7,2026:01:09 13:03:11
IMG_20260113_133043467,36.78115,-3.893911111111111,205.9,2026:01:13 13:30:45
IMG_20260110_143536430,36.7665,-3.8500027777777777,240.1,2026:01:10 14:35:38
IMG_20260115_082919817,36.75107777777778,-3.8641222222222225,48.199,2026:01:15 08:29:21
IMG_20260113_153439413,36.76215555555556,-3.897797222222222,156.2,2026:01:13 15:34:41
IMG_20260112_141806376,36.780025,-3.8965027777777776,268.4,2026:01:12 14:18:08
IMG_20260114_133014250,36.74341666666667,-3.9042388888888886,55.1,2026:01:14 13:30:15
IMG_20260103_140819130,36.75593611111111,-3.8596500000000002,121.3,2026:01:03 14:08:20
IMG_20260115_082511476,36.75158611111111,-3.8629527777777777,60.7,2026:01:15 08:25:12
IMG_20260106_151548246,36.80028333333333,-3.884411111111111,519.4,2026:01:06 15:15:50
IMG_20260115_142156132,36.74614166666667,-3.876813888888889,92.4,2026:01:15 14:21:57
IMG_20260112_153457515,36.766308333333335,-3.8783416666666666,117.7,2026:01:12 15:34:58
IMG_20260110_134437386,36.768522222222224,-3.852838888888889,233.1,2026:01:10 13:44:38
IMG_20260113_165611243,36.75106944444445,-3.8747333333333334,105.199,2026:01:13 16:56:13
IMG_20260105_135455693,36.748380555555556,-3.8984444444444444,73.3,2026:01:05 13:54:56
IMG_20260112_140524600,36.78288888888889,-3.895463888888889,316.7,2026:01:12 14:05:27
IMG_20260113_163825562,36.75335,-3.883336111111111,108.699,2026:01:13 16:38:26
IMG_20260113_140005694,36.7909,-3.892622222222222,279.5,2026:01:13 14:00:07
IMG_20260114_132756934,36.743522222222225,-3.9039027777777777,51.4,2026:01:14 13:27:58
IMG_20260105_195436601,36.745975,-3.876936111111111,144.3,2026:01:05 19:54:38
IMG_20260103_163021602,36.755375,-3.848961111111111,118.4,2026:01:03 16:30:22
IMG_20260108_143839460,36.77599444444444,-3.862052777777778,559.8,2026:01:08 14:38:41
IMG_20260115_162203243,36.759997222222225,-3.8558944444444445,148.5,2026:01:15 16:22:04
IMG_20260106_152236801,36.79807222222222,-3.8857749999999998,515.799,2026:01:06 15:22:38
IMG_20260112_083038076,36.750575,-3.8667055555555554,53.3,2026:01:12 08:30:39
IMG_20260106_133031431,36.78736111111111,-3.8837888888888887,199.4,2026:01:06 13:30:32
IMG_20260108_144209914,36.77541111111111,-3.861661111111111,548.8,2026:01:08 14:42:11
IMG_20260106_150732166,36.80105833333333,-3.882811111111111,476.0,2026:01:06 15:07:33
IMG_20260112_152003890,36.76439166666667,-3.881525,142.7,2026:01:12 15:20:05
IMG_20260108_134203506,36.771499999999996,-3.8681916666666667,445.9,2026:01:08 13:42:04
IMG_20260113_134612002,36.78621666666667,-3.891575,249.4,2026:01:13 13:46:13
PANO_2026-01-07_16-53-03,36.74435277777778,-3.8753083333333334,57.599,2026:01:07 16:53:12
IMG_20260108_131507920,36.769349999999996,-3.8676777777777778,346.9,2026:01:08 13:15:09
IMG_20260113_152646225,36.766327777777775,-3.8969444444444443,193.2,2026:01:13 15:26:47
IMG_20260105_201255351,36.744997222222224,-3.8755111111111114,140.9,2026:01:05 20:13:01
IMG_20260103_162812163,36.75463611111111,-3.848877777777778,124.9,2026:01:03 16:28:13
IMG_20260112_130043089,36.79246388888889,-3.8982,370.3,2026:01:12 13:00:44
IMG_20260108_145216609,36.773783333333334,-3.8611333333333335,504.6,2026:01:08 14:52:18
IMG_20260113_141906777,36.791552777777774,-3.893197222222222,285.3,2026:01:13 14:19:08
PANO_2026-01-08_14-21-27,36.77605,-3.8633972222222224,559.5,2026:01:08 14:21:38
IMG_20260102_141116337,36.746741666666665,-3.8756694444444446,87.6,2026:01:02 14:11:17
IMG_20260108_142543690,36.77629722222222,-3.8629611111111113,568.7,2026:01:08 14:25:44
IMG_20260112_082456960,36.74806944444445,-3.8708944444444446,64.5,2026:01:12 08:24:58
IMG_20260115_163010415,36.75915277777778,-3.8551027777777778,159.5,2026:01:15 16:30:11
IMG_20260110_143412837,36.76680277777778,-3.8498361111111112,242.8,2026:01:10 14:34:14
IMG_20260113_135535194,36.78939166666667,-3.891863888888889,279.4,2026:01:13 13:55:36
IMG_20260113_082858350,36.74973055555556,-3.868027777777778,60.0,2026:01:13 08:28:59
IMG_20260113_150801008,36.77591666666667,-3.8971999999999998,276.2,2026:01:13 15:08:02
IMG_20260113_144344100,36.787730555555555,-3.8966166666666666,326.4,2026:01:13 14:43:45
IMG_20260103_133424096,36.75174444444445,-3.8638166666666667,84.199,2026:01:03 13:34:25
IMG_20260113_152235736,36.76618611111111,-3.897572222222222,206.4,2026:01:13 15:22:37
IMG_20260114_133800600,36.74346388888889,-3.904958333333333,74.0,2026:01:14 13:38:04
IMG_20260105_194604164,36.74516388888889,-3.8765972222222222,136.6,2026:01:05 19:46:05
IMG_20260108_141910345,36.77583055555556,-3.864013888888889,546.2,2026:01:08 14:19:11
IMG_20260113_132907765,36.78046666666667,-3.8936888888888888,201.4,2026:01:13 13:29:09
IMG_20260113_160003492,36.75953611111111,-3.8931444444444443,128.6,2026:01:13 16:00:05
IMG_20260115_082757868,36.751422222222224,-3.863863888888889,53.3,2026:01:15 08:27:59
IMG_20260106_181520512,36.75096944444444,-3.8787194444444446,172.0,2026:01:06 18:15:21
IMG_20260103_134149197,36.75194444444445,-3.8620972222222223,55.6,2026:01:03 13:41:50
IMG_20260114_124105701,36.74073611111111,-3.8842305555555554,56.199,2026:01:14 12:41:07
IMG_20260114_125805204,36.742219444444444,-3.8902722222222224,48.699,2026:01:14 12:58:06
IMG_20260115_155703880,36.75856388888889,-3.8716666666666666,125.5,2026:01:15 15:57:05
IMG_20260105_090523717,36.75066388888889,-3.8667972222222224,71.3,2026:01:05 09:05:24
IMG_20260103_163024914,36.755375,-3.848961111111111,118.4,2026:01:03 16:30:26
IMG_20260108_134622231,36.77153333333333,-3.8682,452.0,2026:01:08 13:46:23
IMG_20260113_164613997,36.75208888888889,-3.87895,83.6,2026:01:13 16:46:17
IMG_20260105_200546773,36.74453333333334,-3.876325,143.4,2026:01:05 20:05:48
IMG_20260115_170032041,36.751730555555554,-3.8638333333333335,89.1,2026:01:15 17:00:33
IMG_20260108_150727912,36.77121944444444,-3.8603194444444444,446.2,2026:01:08 15:07:29
IMG_20260112_134336324,36.788044444444445,-3.894061111111111,364.0,2026:01:12 13:43:37
PANO_2026-01-08_13-47-16,36.77149722222222,-3.868202777777778,448.2,2026:01:08 13:47:26
IMG_20260113_133900761,36.783227777777775,-3.8929027777777776,237.9,2026:01:13 13:39:02
IMG_20260112_125401357,36.79150555555555,-3.8974194444444445,346.4,2026:01:12 12:54:02
IMG_20260113_154331407,36.75944444444445,-3.8989444444444445,126.8,2026:01:13 15:43:32
IMG_20260114_135426518,36.74251388888889,-3.910936111111111,62.8,2026:01:14 13:54:27
IMG_20260113_145541509,36.78093333333333,-3.8974416666666665,297.6,2026:01:13 14:55:43
IMG_20260115_085115178,36.74985,-3.8681694444444443,55.1,2026:01:15 08:51:16
IMG_20260106_131844872,36.786094444444444,-3.883486111111111,187.6,2026:01:06 13:18:46
IMG_20260114_124057011,36.74073611111111,-3.8842305555555554,56.199,2026:01:14 12:40:58
IMG_20260110_143450381,36.766663888888885,-3.849905555555556,242.2,2026:01:10 14:34:51
IMG_20260115_170802227,36.751552777777775,-3.865538888888889,53.199,2026:01:15 17:08:03
IMG_20260112_132943151,36.790105555555556,-3.895113888888889,344.7,2026:01:12 13:29:44
IMG_20260106_122853485,36.77206944444444,-3.8799083333333333,133.7,2026:01:06 12:28:54
IMG_20260110_132307406,36.76130277777778,-3.854213888888889,177.5,2026:01:10 13:23:08
IMG_20260115_082633730,36.75148055555555,-3.863080555555556,54.699,2026:01:15 08:26:34
IMG_20260103_145925813,36.760577777777776,-3.849391666666667,181.8,2026:01:03 14:59:27
IMG_20260113_145212326,36.781822222222225,-3.895497222222222,323.7,2026:01:13 14:52:13
IMG_20260102_160019285,36.744233333333334,-3.8753611111111113,74.7,2026:01:02 16:00:20
IMG_20260103_134221826,36.75190277777778,-3.8621611111111114,55.5,2026:01:03 13:42:23
IMG_20260110_134300090,36.76833888888889,-3.8527444444444447,241.2,2026:01:10 13:43:01
IMG_20260109_125033496,36.74825555555556,-3.871036111111111,60.099,2026:01:09 12:50:35
IMG_20260112_125623237,36.79187777777778,-3.897772222222222,367.9,2026:01:12 12:56:25
IMG_20260115_170051019,36.75175,-3.8638305555555554,91.9,2026:01:15 17:00:52
IMG_20260102_160552064,36.74591388888889,-3.876952777777778,99.0,2026:01:02 16:05:53
PANO_2026-01-05_11-56-31,36.75035555555556,-3.8699777777777777,82.0,2026:01:05 11:56:40
IMG_20260106_142524012,36.79246944444444,-3.881311111111111,244.8,2026:01:06 14:25:25
IMG_20260106_151712130,36.80022777777778,-3.885,523.7,2026:01:06 15:17:13
IMG_20260108_142844681,36.77661666666667,-3.862502777777778,586.8,2026:01:08 14:28:46
IMG_20260104_142159416,36.74631388888889,-3.8789305555555558,394.099,2026:01:04 14:22:00
IMG_20260113_152423532,36.766263888888886,-3.8973166666666668,198.7,2026:01:13 15:24:25
IMG_20260109_124643239,36.74890833333333,-3.8692722222222224,67.2,2026:01:09 12:46:45
IMG_20260106_122112928,36.769105555555555,-3.8782305555555556,125.8,2026:01:06 12:21:14
IMG_20260106_152018698,36.79892777777778,-3.88575,528.0,2026:01:06 15:20:20
PANO_2026-01-06_15-22-42,36.79807222222222,-3.8857749999999998,515.799,2026:01:06 15:22:55
IMG_20260102_155806099,36.74453333333334,-3.8754444444444447,75.2,2026:01:02 15:58:07
IMG_20260115_170144551,36.75171111111111,-3.863852777777778,86.8,2026:01:15 17:01:45
IMG_20260106_161005978,36.790866666666666,-3.893097222222222,289.2,2026:01:06 16:10:08
IMG_20260108_132548347,36.77016388888889,-3.8675444444444445,399.9,2026:01:08 13:25:50
IMG_20260112_090426944,36.75154444444444,-3.871163888888889,56.4,2026:01:12 09:04:28
IMG_20260114_132845491,36.743383333333334,-3.9041777777777775,58.0,2026:01:14 13:28:47
IMG_20260106_132632305,36.78698055555555,-3.8835055555555553,196.4,2026:01:06 13:26:33
IMG_20260114_142048606,36.74503611111111,-3.900936111111111,59.3,2026:01:14 14:20:50
IMG_20260113_132947486,36.78073611111111,-3.893777777777778,201.1,2026:01:13 13:29:48
IMG_20260115_162726017,36.75966666666667,-3.8553,164.1,2026:01:15 16:27:27
IMG_20260112_142119110,36.77880555555556,-3.896402777777778,269.8,2026:01:12 14:21:20
IMG_20260106_151106399,36.79982777777778,-3.8830055555555556,496.3,2026:01:06 15:11:07
IMG_20260113_151658349,36.76906666666667,-3.897536111111111,214.7,2026:01:13 15:17:00
IMG_20260113_141659778,36.791580555555555,-3.8931444444444443,282.2,2026:01:13 14:17:01
IMG_20260115_162349099,36.75960833333333,-3.855713888888889,159.6,2026:01:15 16:23:50
IMG_20260108_145040623,36.77406388888889,-3.861138888888889,511.6,2026:01:08 14:50:42
IMG_20260110_143237751,36.767466666666664,-3.8503833333333333,241.2,2026:01:10 14:32:39
IMG_20260115_165504684,36.75223611111111,-3.862241666666667,70.2,2026:01:15 16:55:05
IMG_20260114_152555258,36.74306388888889,-3.8934055555555553,49.5,2026:01:14 15:25:57
IMG_20260113_122518770,36.76228888888889,-3.873725,145.0,2026:01:13 12:25:20
IMG_20260105_200658540,36.74471666666667,-3.8755361111111113,143.0,2026:01:05 20:06:59
IMG_20260114_131648359,36.74375555555556,-3.8987944444444445,51.6,2026:01:14 13:16:49
IMG_20260111_133411721,36.74785,-3.8817666666666666,65.099,2026:01:11 13:34:13
IMG_20260106_160834466,36.790955555555556,-3.8933472222222223,299.5,2026:01:06 16:08:36
IMG_20260103_140724910,36.75566666666667,-3.8591611111111113,125.6,2026:01:03 14:07:26
IMG_20260112_124052469,36.790575,-3.8966333333333334,337.3,2026:01:12 12:40:53
IMG_20260108_140351624,36.77350833333333,-3.868333333333333,461.0,2026:01:08 14:03:53
IMG_20260106_153516566,36.796499999999995,-3.887961111111111,422.7,2026:01:06 15:35:18
IMG_20260115_170423269,36.752227777777776,-3.863741666666667,83.5,2026:01:15 17:04:24
IMG_20260112_134231027,36.788013888888884,-3.894061111111111,364.9,2026:01:12 13:42:32
IMG_20260111_132842146,36.74997777777778,-3.8805388888888888,74.1,2026:01:11 13:28:43
IMG_20260106_131645886,36.78570555555555,-3.883275,209.0,2026:01:06 13:16:47
IMG_20260106_135246056,36.78870833333333,-3.883686111111111,192.9,2026:01:06 13:52:47
IMG_20260103_144722196,36.76095,-3.851938888888889,151.8,2026:01:03 14:47:23
IMG_20260108_150255498,36.77119166666667,-3.8606083333333334,450.8,2026:01:08 15:02:57
IMG_20260106_142015275,36.79121388888889,-3.8820194444444445,252.8,2026:01:06 14:20:16
IMG_20260115_082343190,36.75177222222222,-3.863052777777778,54.199,2026:01:15 08:23:44
IMG_20260103_145615740,36.76070833333333,-3.8500194444444444,152.3,2026:01:03 14:56:17
IMG_20260104_142932234,36.74406388888889,-3.8757888888888887,87.5,2026:01:04 14:29:33
IMG_20260107_162854822,36.74231944444445,-3.8793777777777776,48.199,2026:01:07 16:28:56
IMG_20260115_170213892,36.751725,-3.863852777777778,90.0,2026:01:15 17:02:15
IMG_20260112_150524263,36.76759444444444,-3.889038888888889,201.9,2026:01:12 15:05:26
IMG_20260115_145349172,36.74466944444445,-3.8755972222222224,10.899,2026:01:15 14:53:50
IMG_20260106_155625758,36.79413611111111,-3.893883333333333,301.7,2026:01:06 15:56:26
IMG_20260114_125212983,36.742241666666665,-3.887175,56.199,2026:01:14 12:52:14
IMG_20260108_125428399,36.767525,-3.8673055555555558,251.5,2026:01:08 12:54:29
IMG_20260108_152844988,36.77005277777778,-3.8578055555555557,380.8,2026:01:08 15:28:46
PANO_2026-01-06_14-05-24,36.78948333333333,-3.883586111111111,235.1,2026:01:06 14:05:36
IMG_20260115_083622237,36.751422222222224,-3.865277777777778,54.699,2026:01:15 08:36:23
IMG_20260108_125100187,36.76748611111111,-3.867263888888889,260.3,2026:01:08 12:51:01
IMG_20260106_145930722,36.800752777777774,-3.881538888888889,456.1,2026:01:06 14:59:32
IMG_20260106_141634596,36.79026666666667,-3.8825583333333333,263.6,2026:01:06 14:16:36
IMG_20260102_154009525,36.74803888888889,-3.8714055555555555,81.3,2026:01:02 15:40:10
IMG_20260115_162709049,36.75971111111111,-3.855280555555556,165.9,2026:01:15 16:27:10
IMG_20260103_133414623,36.75172777777778,-3.863855555555556,81.5,2026:01:03 13:34:16
IMG_20260103_140104862,36.75385277777778,-3.8592305555555555,118.0,2026:01:03 14:01:06
IMG_20260113_141917917,36.791552777777774,-3.893197222222222,285.3,2026:01:13 14:19:21
IMG_20260113_160916122,36.755602777777774,-3.892086111111111,109.8,2026:01:13 16:09:18
IMG_20260108_143511472,36.77653611111111,-3.8625166666666666,580.9,2026:01:08 14:35:13
IMG_20260108_150103894,36.772238888888886,-3.8606361111111114,460.1,2026:01:08 15:01:05
IMG_20260104_135053850,36.741952777777776,-3.882188888888889,50.9,2026:01:04 13:50:55
IMG_20260114_165749576,36.74505555555556,-3.8763305555555556,71.2,2026:01:14 16:57:51
IMG_20260106_131150120,36.785444444444444,-3.883211111111111,183.9,2026:01:06 13:11:51
IMG_20260112_083003799,36.75051666666667,-3.8666305555555556,50.1,2026:01:12 08:30:04
IMG_20260114_151537507,36.743769444444446,-3.8964583333333334,49.6,2026:01:14 15:15:39
IMG_20260113_130157519,36.76745,-3.880275,120.8,2026:01:13 13:01:58
IMG_20260115_162832842,36.75948611111111,-3.855461111111111,161.4,2026:01:15 16:28:34
IMG_20260108_141623305,36.77553611111111,-3.864805555555556,520.799,2026:01:08 14:16:25
IMG_20260113_153518156,36.762008333333334,-3.8977944444444446,155.2,2026:01:13 15:35:20
IMG_20260108_143503312,36.77654166666667,-3.862522222222222,585.4,2026:01:08 14:35:05
IMG_20260108_134135551,36.77149722222222,-3.8682055555555555,446.1,2026:01:08 13:41:37
IMG_20260112_154820120,36.76183888888889,-3.877577777777778,102.4,2026:01:12 15:48:21
IMG_20260114_134820132,36.74245833333333,-3.9101916666666665,63.599,2026:01:14 13:48:21
IMG_20260110_122759877,36.751825,-3.866763888888889,61.9,2026:01:10 12:28:01
IMG_20260108_152320684,36.770783333333334,-3.8591361111111113,397.4,2026:01:08 15:23:21
IMG_20260103_145624500,36.76067777777778,-3.850041666666667,155.2,2026:01:03 14:56:25
IMG_20260108_142119408,36.77605,-3.8633972222222224,556.2,2026:01:08 14:21:21
IMG_20260108_134354528,36.77149722222222,-3.868202777777778,446.4,2026:01:08 13:43:55
IMG_20260109_130806882,36.74510277777778,-3.875011111111111,61.9,2026:01:09 13:08:08
IMG_20260108_152100869,36.770919444444445,-3.8594472222222223,407.0,2026:01:08 15:21:03
IMG_20260110_164032917,36.75563611111111,-3.8495166666666667,125.4,2026:01:10 16:40:34
IMG_20260111_125648135,36.76455277777778,-3.876811111111111,114.7,2026:01:11 12:56:49
IMG_20260108_124812883,36.76671388888889,-3.867488888888889,242.1,2026:01:08 12:48:14
IMG_20260103_133627361,36.75191111111111,-3.8629944444444444,71.4,2026:01:03 13:36:28
IMG_20260108_125631627,36.76756666666667,-3.867252777777778,247.7,2026:01:08 12:56:33
IMG_20260104_144619251,36.74796944444444,-3.871363888888889,52.0,2026:01:04 14:46:20
IMG_20260106_133356988,36.787613888888885,-3.883808333333333,188.2,2026:01:06 13:33:58
IMG_20260108_163601650,36.76157777777778,-3.851977777777778,183.3,2026:01:08 16:36:03
IMG_20260108_131224697,36.76905,-3.8677194444444445,331.3,2026:01:08 13:12:27
IMG_20260110_134654032,36.76853333333333,-3.852738888888889,243.6,2026:01:10 13:46:55
IMG_20260115_155924482,36.75857222222222,-3.8711583333333333,123.4,2026:01:15 15:59:25
IMG_20260104_142603641,36.74418055555556,-3.87655,89.0,2026:01:04 14:26:05
IMG_20260108_135652692,36.772305555555555,-3.8684861111111113,442.3,2026:01:08 13:56:54
IMG_20260106_140753613,36.789763888888885,-3.8833444444444445,246.3,2026:01:06 14:07:54
IMG_20260113_140120980,36.791088888888886,-3.8929805555555554,280.8,2026:01:13 14:01:22
IMG_20260108_144355582,36.77502222222222,-3.861702777777778,536.3,2026:01:08 14:43:57
IMG_20260113_153939904,36.76166666666666,-3.8983166666666667,148.3,2026:01:13 15:39:41
PANO_2026-01-08_13-46-58,36.77149722222222,-3.868202777777778,448.2,2026:01:08 13:47:06
IMG_20260113_132107770,36.775327777777775,-3.8921277777777776,188.7,2026:01:13 13:21:09
IMG_20260115_084155139,36.75066944444445,-3.866625,52.9,2026:01:15 08:41:56
IMG_20260115_145329924,36.74463611111111,-3.8753527777777776,11.1,2026:01:15 14:53:31
IMG_20260114_134839606,36.742472222222226,-3.910211111111111,61.2,2026:01:14 13:48:41
IMG_20260113_164956642,36.75141388888889,-3.8770583333333333,95.699,2026:01:13 16:49:58
IMG_20260112_090127700,36.750566666666664,-3.8696916666666668,56.4,2026:01:12 09:01:28
IMG_20260110_143240297,36.767466666666664,-3.8503833333333333,241.2,2026:01:10 14:32:41
IMG_20260112_125904719,36.79221666666666,-3.8976888888888888,377.0,2026:01:12 12:59:06
IMG_20260106_131841696,36.786052777777776,-3.8835027777777777,195.5,2026:01:06 13:18:43
IMG_20260104_145403556,36.750655555555554,-3.8701666666666665,73.6,2026:01:04 14:54:05
IMG_20260110_141322961,36.76994444444444,-3.8547861111111112,307.0,2026:01:10 14:13:24
IMG_20260115_163640896,36.75818611111111,-3.855063888888889,149.0,2026:01:15 16:36:42
IMG_20260115_161852371,36.75955277777778,-3.8573833333333334,139.7,2026:01:15 16:18:53
IMG_20260105_141706798,36.75188055555556,-3.887311111111111,100.6,2026:01:05 14:17:08
IMG_20260112_085806477,36.74977222222223,-3.86865,57.9,2026:01:12 08:58:08
IMG_20260106_115926278,36.75792777777778,-3.8760583333333334,161.5,2026:01:06 11:59:27
IMG_20260104_135838388,36.741055555555555,-3.8846055555555554,55.0,2026:01:04 13:58:39
IMG_20260112_150133240,36.76823611111111,-3.8902166666666664,208.0,2026:01:12 15:01:35
IMG_20260103_141922338,36.75821111111111,-3.8550722222222222,151.8,2026:01:03 14:19:23
IMG_20260108_154615386,36.768563888888885,-3.855061111111111,317.8,2026:01:08 15:46:17
IMG_20260113_160035881,36.75936388888889,-3.892916666666667,124.1,2026:01:13 16:00:37
IMG_20260113_160357540,36.75837222222222,-3.8918944444444445,131.4,2026:01:13 16:03:59
IMG_20260113_133812514,36.78295555555555,-3.8930333333333333,248.5,2026:01:13 13:38:13
PANO_2026-01-12_13-46-30,36.787011111111106,-3.8932416666666665,341.2,2026:01:12 13:46:39
IMG_20260109_130529681,36.745647222222225,-3.8743861111111113,55.699,2026:01:09 13:05:31
IMG_20260105_084034371,36.75138611111111,-3.8707444444444445,82.4,2026:01:05 08:40:35
IMG_20260110_163720667,36.755652777777776,-3.849138888888889,123.199,2026:01:10 16:37:22
IMG_20260114_132459387,36.74370277777778,-3.9027694444444445,51.699,2026:01:14 13:25:01
IMG_20260113_145208578,36.781822222222225,-3.895497222222222,323.7,2026:01:13 14:52:09
IMG_20260106_141838751,36.79073333333333,-3.8823250000000002,262.6,2026:01:06 14:18:40
IMG_20260104_135715426,36.74110833333334,-3.884138888888889,54.199,2026:01:04 13:57:16
IMG_20260113_141440346,36.791602777777776,-3.893211111111111,282.7,2026:01:13 14:14:41
IMG_20260112_155559982,36.75824444444444,-3.8774888888888888,94.6,2026:01:12 15:56:01
IMG_20260108_142850826,36.77661666666667,-3.862502777777778,586.8,2026:01:08 14:28:51
IMG_20260106_152750150,36.797174999999996,-3.886636111111111,486.3,2026:01:06 15:27:51
IMG_20260108_143525148,36.77653611111111,-3.862513888888889,580.8,2026:01:08 14:35:26
IMG_20260106_140516240,36.78948333333333,-3.883586111111111,231.9,2026:01:06 14:05:17
IMG_20260108_151550325,36.77110833333333,-3.859891666666667,429.1,2026:01:08 15:15:52
IMG_20260104_143146209,36.74462777777778,-3.8752305555555555,87.0,2026:01:04 14:31:47
IMG_20260110_141659266,36.77035,-3.8546055555555556,249.1,2026:01:10 14:17:00
IMG_20260113_160548478,36.75791944444445,-3.891836111111111,124.8,2026:01:13 16:05:50
IMG_20260113_143710252,36.79054444444444,-3.8955055555555553,343.6,2026:01:13 14:37:11
IMG_20260103_145427119,36.76021111111111,-3.850413888888889,160.3,2026:01:03 14:54:28
IMG_20260113_141727944,36.791580555555555,-3.8931444444444443,282.2,2026:01:13 14:17:31
IMG_20260106_130230770,36.78228611111111,-3.8813833333333334,179.3,2026:01:06 13:02:32
IMG_20260108_140509645,36.77396111111111,-3.8687388888888887,464.5,2026:01:08 14:05:11
IMG_20260109_155819475,36.746119444444446,-3.876188888888889,0.0,2026:01:09 15:58:20
IMG_20260115_162622865,36.75974444444444,-3.855427777777778,159.8,2026:01:15 16:26:24
IMG_20260115_145129487,36.75632777777778,-3.851691666666667,0.0,2026:01:15 14:51:30
IMG_20260108_142521494,36.7763,-3.862966666666667,569.5,2026:01:08 14:25:23
IMG_20260113_145141292,36.78194722222222,-3.8955416666666665,325.4,2026:01:13 14:51:42
IMG_20260106_162434359,36.790475,-3.8963555555555556,343.9,2026:01:06 16:24:36
IMG_20260106_132635455,36.78698055555555,-3.8835055555555553,196.4,2026:01:06 13:26:37
IMG_20260105_194321088,36.74498333333334,-3.876213888888889,136.6,2026:01:05 19:43:22
IMG_20260111_151924657,36.74546388888889,-3.874636111111111,70.3,2026:01:11 15:19:25
IMG_20260106_145914757,36.800711111111106,-3.8815333333333335,455.0,2026:01:06 14:59:16
IMG_20260113_135800949,36.790169444444444,-3.891886111111111,276.6,2026:01:13 13:58:02
IMG_20260115_162524897,36.75955277777778,-3.8555916666666668,163.8,2026:01:15 16:25:26
IMG_20260113_133549586,36.78265555555556,-3.8931444444444443,244.3,2026:01:13 13:35:51
IMG_20260109_125930898,36.74665,-3.8729416666666667,68.3,2026:01:09 12:59:32
IMG_20260109_125211524,36.74821388888889,-3.871363888888889,73.8,2026:01:09 12:52:13
IMG_20260115_165409580,36.75233611111111,-3.8618027777777777,59.599,2026:01:15 16:54:11
IMG_20260112_082023014,36.74791666666667,-3.8707777777777777,53.1,2026:01:12 08:20:24
IMG_20260109_124504726,36.749472222222224,-3.8686611111111113,15.299,2026:01:09 12:45:06
IMG_20260108_123547611,36.76329166666667,-3.8650166666666665,187.4,2026:01:08 12:35:49
IMG_20260112_153324060,36.766525,-3.879338888888889,131.4,2026:01:12 15:33:25
IMG_20260113_133359368,36.78228611111111,-3.8933833333333334,233.7,2026:01:13 13:34:01
IMG_20260110_141524947,36.77007222222222,-3.854602777777778,248.7,2026:01:10 14:15:26
IMG_20260112_082220143,36.747486111111115,-3.871286111111111,50.9,2026:01:12 08:22:21
IMG_20260115_090259207,36.74920277777778,-3.8684527777777777,53.6,2026:01:15 09:03:00
IMG_20260112_161028299,36.75186388888889,-3.8790055555555556,86.1,2026:01:12 16:10:30
IMG_20260113_165617502,36.75106944444445,-3.8747333333333334,105.199,2026:01:13 16:56:18
IMG_20260108_142419526,36.77633333333333,-3.8629472222222225,567.5,2026:01:08 14:24:20
IMG_20260110_153944592,36.76133611111111,-3.84445,205.2,2026:01:10 15:39:45
IMG_20260105_201236305,36.744225,-3.875186111111111,141.0,2026:01:05 20:12:37
IMG_20260113_145915538,36.77950555555555,-3.8961166666666665,271.6,2026:01:13 14:59:17
IMG_20260113_141354883,36.79159444444444,-3.893188888888889,281.0,2026:01:13 14:13:56
IMG_20260107_165116312,36.74435833333333,-3.8753722222222224,57.5,2026:01:07 16:51:17
IMG_20260106_135403895,36.78880833333333,-3.883811111111111,200.8,2026:01:06 13:54:05
IMG_20260108_142509097,36.77623333333333,-3.862975,567.1,2026:01:08 14:25:10
IMG_20260108_142835812,36.776608333333336,-3.8624916666666667,585.6,2026:01:08 14:28:37
IMG_20260110_122526850,36.75206388888889,-3.8667583333333333,81.8,2026:01:10 12:25:28
IMG_20260110_130850122,36.75978055555556,-3.857827777777778,149.5,2026:01:10 13:08:51
IMG_20260115_155507806,36.75837222222222,-3.8715972222222224,134.6,2026:01:15 15:55:10
IMG_20260113_153106946,36.764602777777775,-3.8976527777777776,173.2,2026:01:13 15:31:08
IMG_20260113_131029121,36.76873055555556,-3.88745,137.4,2026:01:13 13:10:30
IMG_20260106_154735806,36.796191666666665,-3.890416666666667,338.4,2026:01:06 15:47:37
IMG_20260115_161013117,36.757622222222224,-3.8613750000000002,123.6,2026:01:15 16:10:14
IMG_20260115_145252407,36.744708333333335,-3.875305555555556,11.1,2026:01:15 14:52:54
IMG_20260103_165528235,36.757641666666665,-3.862277777777778,125.7,2026:01:03 16:55:29
IMG_20260108_154525696,36.76855555555556,-3.8552222222222223,317.3,2026:01:08 15:45:27
IMG_20260108_130759738,36.768858333333334,-3.8676694444444446,327.3,2026:01:08 13:08:01
IMG_20260114_133719539,36.74355,-3.9044138888888886,71.7,2026:01:14 13:37:23
PANO_2026-01-05_08-46-10,36.74967222222222,-3.867686111111111,80.5,2026:01:05 08:46:19
IMG_20260105_193440458,36.74613055555556,-3.8758694444444446,0.0,2026:01:05 19:34:42
IMG_20260108_132810261,36.77014166666667,-3.8675555555555556,396.4,2026:01:08 13:28:11
IMG_20260110_134922845,36.768819444444446,-3.853675,226.2,2026:01:10 13:49:25
IMG_20260114_123409996,36.74194166666667,-3.8806694444444445,60.3,2026:01:14 12:34:11
IMG_20260110_131118642,36.760327777777775,-3.857213888888889,154.4,2026:01:10 13:11:20
IMG_20260115_085309162,36.74966388888889,-3.868602777777778,53.0,2026:01:15 08:53:10
IMG_20260113_145909978,36.77950555555555,-3.8961166666666665,271.6,2026:01:13 14:59:11
IMG_20260108_145857053,36.77306111111111,-3.860805555555556,473.9,2026:01:08 14:58:58
IMG_20260106_140907367,36.789938888888884,-3.8832333333333335,254.3,2026:01:06 14:09:08
IMG_20260108_141729071,36.775644444444445,-3.8645944444444447,533.0,2026:01:08 14:17:31
IMG_20260106_141901556,36.790825,-3.882327777777778,259.399,2026:01:06 14:19:03
IMG_20260106_121205598,36.76411944444445,-3.8767583333333335,122.8,2026:01:06 12:12:07
IMG_20260113_134005902,36.783655555555555,-3.8925277777777776,244.6,2026:01:13 13:40:07
IMG_20260113_163542705,36.75472777777778,-3.884536111111111,113.5,2026:01:13 16:35:44
IMG_20260113_160257168,36.75855555555555,-3.891986111111111,129.4,2026:01:13 16:02:58
IMG_20260103_134649645,36.75225277777778,-3.861372222222222,68.1,2026:01:03 13:46:50
IMG_20260108_144059849,36.77554444444444,-3.8618027777777777,555.8,2026:01:08 14:41:01
IMG_20260109_124928420,36.748352777777775,-3.8706027777777776,54.3,2026:01:09 12:49:30
IMG_20260113_163145630,36.75730277777778,-3.8860638888888888,127.5,2026:01:13 16:31:47
IMG_20260111_145247310,36.74185,-3.8834388888888887,57.099,2026:01:11 14:52:48
IMG_20260108_134616803,36.77153333333333,-3.8682,452.0,2026:01:08 13:46:18
IMG_20260106_135515680,36.788925,-3.8837916666666668,211.8,2026:01:06 13:55:16
IMG_20260115_161305877,36.759011111111114,-3.8602194444444446,128.9,2026:01:15 16:13:07
IMG_20260108_144604765,36.774480555555556,-3.8617805555555558,534.6,2026:01:08 14:46:06
IMG_20260111_132117007,36.752375,-3.878975,77.7,2026:01:11 13:21:18
IMG_20260108_131214992,36.76905,-3.8677194444444445,328.1,2026:01:08 13:12:16
IMG_20260115_082545390,36.751622222222224,-3.8629527777777777,57.4,2026:01:15 08:25:47
IMG_20260115_163053435,36.75898611111111,-3.8547833333333332,162.6,2026:01:15 16:30:54
IMG_20260115_083110882,36.75127777777778,-3.8651222222222223,52.699,2026:01:15 08:31:12
IMG_20260108_143139951,36.77656111111111,-3.862525,578.7,2026:01:08 14:31:40
IMG_20260113_133416870,36.782266666666665,-3.893247222222222,226.2,2026:01:13 13:34:18
IMG_20260112_134616028,36.787013888888886,-3.8932277777777777,347.1,2026:01:12 13:46:17
IMG_20260104_112324915,36.75749166666667,-3.8743527777777778,117.0,2026:01:04 11:23:26
IMG_20260108_121428977,36.753375,-3.868727777777778,77.2,2026:01:08 12:14:30
IMG_20260108_145720249,36.77328055555555,-3.860863888888889,483.7,2026:01:08 14:57:21
IMG_20260106_152955692,36.79708055555555,-3.88715,475.6,2026:01:06 15:29:57
IMG_20260108_123700268,36.764041666666664,-3.8647472222222223,203.0,2026:01:08 12:37:01
IMG_20260104_134931636,36.741925,-3.8805944444444447,42.0,2026:01:04 13:49:33
IMG_20260112_082545668,36.748308333333334,-3.87045,61.4,2026:01:12 08:25:46
IMG_20260106_161320201,36.790527777777775,-3.892777777777778,290.0,2026:01:06 16:13:21
IMG_20260115_163213028,36.75906111111111,-3.8541055555555555,159.6,2026:01:15 16:32:14
IMG_20260106_155748357,36.793816666666665,-3.893686111111111,314.3,2026:01:06 15:57:49
IMG_20260113_135443650,36.78901944444444,-3.8922916666666665,276.2,2026:01:13 13:54:45
IMG_20260110_140044632,36.769083333333334,-3.853486111111111,231.0,2026:01:10 14:00:46
IMG_20260105_151523421,36.751158333333336,-3.879761111111111,78.3,2026:01:05 15:15:25
IMG_20260111_121330698,36.76086111111111,-3.8742,135.7,2026:01:11 12:13:31
IMG_20260114_164246295,36.745625000000004,-3.8835944444444443,68.9,2026:01:14 16:42:47
IMG_20260106_133122779,36.78751388888889,-3.8837166666666665,196.6,2026:01:06 13:31:24
IMG_20260106_124132125,36.77648611111111,-3.8794222222222223,132.9,2026:01:06 12:41:33
IMG_20260112_125737149,36.791941666666666,-3.898038888888889,350.3,2026:01:12 12:57:38
IMG_20260105_091156546,36.75063055555555,-3.8668722222222223,66.5,2026:01:05 09:11:57
IMG_20260108_140035998,36.77266111111111,-3.8683694444444443,435.0,2026:01:08 14:00:37
IMG_20260108_145047121,36.77406388888889,-3.861138888888889,511.6,2026:01:08 14:50:48
IMG_20260113_133117518,36.78149166666667,-3.8940055555555557,199.7,2026:01:13 13:31:19
IMG_20260112_130647217,36.792519444444444,-3.8968555555555557,394.6,2026:01:12 13:06:49
IMG_20260113_132633440,36.77914166666667,-3.893063888888889,195.2,2026:01:13 13:26:34
IMG_20260102_140536175,36.74463611111111,-3.877013888888889,95.5,2026:01:02 14:05:37
IMG_20260109_130206455,36.74612777777778,-3.87335,68.7,2026:01:09 13:02:07
PANO_2026-01-08_15-00-48,36.772238888888886,-3.8606361111111114,460.1,2026:01:08 15:00:55
IMG_20260106_123640204,36.773294444444446,-3.8793277777777777,133.5,2026:01:06 12:36:42
IMG_20260108_153709715,36.76934166666667,-3.856302777777778,353.9,2026:01:08 15:37:11
IMG_20260109_130122093,36.746322222222226,-3.873327777777778,88.9,2026:01:09 13:01:23
IMG_20260114_124301319,36.740925000000004,-3.8845694444444443,55.199,2026:01:14 12:43:03
IMG_20260111_132403143,36.751847222222224,-3.879566666666667,75.7,2026:01:11 13:24:04
IMG_20260103_163156700,36.75559722222222,-3.8492722222222224,114.199,2026:01:03 16:31:58
IMG_20260110_163514618,36.755375,-3.8489861111111114,124.5,2026:01:10 16:35:15
IMG_20260110_142646320,36.76938333333333,-3.852447222222222,247.9,2026:01:10 14:26:47
IMG_20260112_083257150,36.75060555555556,-3.8666194444444444,52.5,2026:01:12 08:32:58
IMG_20260104_143045619,36.744347222222224,-3.8755611111111112,87.3,2026:01:04 14:30:46
IMG_20260104_144216163,36.746966666666665,-3.872825,51.699,2026:01:04 14:42:17
IMG_20260108_140740639,36.774519444444444,-3.8684250000000002,474.7,2026:01:08 14:07:42
IMG_20260114_133653292,36.74353333333333,-3.9042388888888886,72.9,2026:01:14 13:36:54
